month,ret_net,ret_gross,avg_gross_expo,positive,hit_2pct,in_band,shortfall_vs_2pct,cum_hit_rate
2019-01,-0.01562578810295634,-0.013412683044790152,0.394042429706848,False,False,False,-0.03562578810295634,0.0
2019-02,0.006186876639765915,0.007026323462622663,0.9363523600569036,True,False,False,-0.013813123360234086,0.5
2019-03,0.008636548043387426,0.009877327803093028,0.9932993995565903,True,False,False,-0.011363451956612574,0.6666666666666666
2019-04,0.023698757196961573,0.02459069832253591,0.9962365822775424,True,True,True,0.0036987571969615725,0.75
2019-05,0.003425355300541,0.004471146344628307,0.993701522119139,True,False,False,-0.016574644699459,0.8
2019-06,0.0559291618463571,0.05732077474824093,0.9964115868506639,True,True,False,0.0359291618463571,0.8333333333333334
2019-07,0.0004041777026799753,0.0011849236990588707,0.9961348640698731,True,False,False,-0.019595822297320025,0.8571428571428571
2019-08,-0.011874706661879952,-0.009013950215050137,0.9933265807507788,False,False,False,-0.031874706661879956,0.75
2019-09,1.6492997321204683e-06,0.0013151111518312497,0.9868456728047371,True,False,False,-0.01999835070026788,0.7777777777777778
2019-10,0.01164867167589101,0.014285441199624938,0.992399612872939,True,False,False,-0.008351328324108991,0.8
2019-11,0.01974040625456719,0.02244851069978071,0.9785882401141337,True,False,False,-0.00025959374543281163,0.8181818181818182
2019-12,0.03574328126755821,0.03712943449961226,0.9895828476446261,True,True,True,0.015743281267558213,0.8333333333333334
2020-01,0.023716725279873785,0.025169594418705366,0.9499179609484941,True,True,True,0.0037167252798737845,0.8461538461538461
2020-02,-0.030804148092039685,-0.02952747130315292,0.9033548809823293,False,False,False,-0.05080414809203969,0.7857142857142857
2020-03,-0.07189629289590083,-0.0691659129675729,0.6401745637495692,False,False,False,-0.09189629289590083,0.7333333333333333
2020-04,0.011777943882432584,0.01610389842174431,0.9086930516946242,True,False,False,-0.008222056117567416,0.75
2020-05,0.024718626746304873,0.027283088459193694,0.9511136401399303,True,True,True,0.004718626746304872,0.7647058823529411
2020-06,0.011535140240933828,0.014130033766031724,0.7295030478188981,True,False,False,-0.008464859759066173,0.7777777777777778
2020-07,0.10005439258724436,0.10518571960121315,0.7744050725232768,True,True,False,0.08005439258724435,0.7894736842105263
2020-08,0.07232371490387712,0.07461704288947102,0.9748432313016748,True,True,False,0.05232371490387712,0.8
2020-09,-0.04224902626017524,-0.040697606765943695,0.9755865718967603,False,False,False,-0.06224902626017524,0.7619047619047619
2020-10,-0.012531282659476894,-0.010825953934026522,0.9464125047203628,False,False,False,-0.0325312826594769,0.7272727272727273
2020-11,0.17402989449373862,0.17593310871242718,0.9475198604385996,True,True,False,0.15402989449373863,0.7391304347826086
2020-12,0.04338632522570185,0.043817434868854255,0.9614103174790769,True,True,False,0.02338632522570185,0.75
2021-01,0.052475788376131316,0.05465180768633027,0.9623964897233416,True,True,False,0.03247578837613131,0.76
2021-02,0.07127114777097354,0.07178617328754844,0.9947954404612209,True,True,False,0.05127114777097354,0.7692307692307693
2021-03,0.043831997178790605,0.044505973083019956,0.9940234671814718,True,True,False,0.023831997178790604,0.7777777777777778
2021-04,0.07068900005313528,0.07134184865538407,0.9963676099179322,True,True,False,0.05068900005313527,0.7857142857142857
2021-05,0.012712934390531672,0.014253630504073467,0.8887961829371354,True,False,False,-0.007287065609468329,0.7931034482758621
2021-06,0.005336668607424544,0.0064826090047140905,0.7282781763272642,True,False,False,-0.014663331392575456,0.8
2021-07,0.03902741305884594,0.040279927698453566,0.8980453298340695,True,True,True,0.01902741305884594,0.8064516129032258
2021-08,0.01925817941714958,0.019927746276608982,0.9736259485531876,True,False,False,-0.0007418205828504214,0.8125
2021-09,-0.026302517710128037,-0.02458489164754496,0.9952156003334109,False,False,False,-0.04630251771012804,0.7878787878787878
2021-10,0.025958900155846676,0.02696807154742764,0.9973883784625602,True,True,True,0.0059589001558466755,0.7941176470588235
2021-11,0.014899122337898918,0.015909880082594308,0.9981744138548442,True,False,False,-0.0051008776621010825,0.8
2021-12,0.008169616134990898,0.010143612837689941,0.9218772764556632,True,False,False,-0.011830383865009102,0.8055555555555556
2022-01,0.00018799192403506915,0.0029367906794659504,0.8925305258018089,True,False,False,-0.01981200807596493,0.8108108108108109
2022-02,-0.0289320375850719,-0.024916194529244207,0.7359672334901809,False,False,False,-0.048932037585071905,0.7894736842105263
2022-03,0.01978440773628498,0.02154484452424854,0.9929073825924313,True,False,False,-0.00021559226371501913,0.7948717948717948
2022-04,-0.019942057233215738,-0.01849382204642669,0.8756291715581633,False,False,False,-0.03994205723321574,0.775
2022-05,0.05097551043616555,0.051845123460750875,0.988510082898475,True,True,False,0.03097551043616555,0.7804878048780488
2022-06,-0.04085812117050158,-0.039786862196118156,0.9898018792998682,False,False,False,-0.060858121170501586,0.7619047619047619
2022-07,0.039648783789514086,0.04053818286376676,0.9945622858143575,True,True,True,0.019648783789514086,0.7674418604651163
2022-08,0.014424445544513942,0.014922114678312948,0.9962125092355133,True,False,False,-0.0055755544554860585,0.7727272727272727
2022-09,-0.05776737083695793,-0.05695287536265192,0.9875228910393116,False,False,False,-0.07776737083695794,0.7555555555555555
2022-10,0.02993849305627294,0.0319677854567324,0.9895959831760478,True,True,True,0.00993849305627294,0.7608695652173914
2022-11,0.04295936561696534,0.0449467089348774,0.7646894517145897,True,True,False,0.02295936561696534,0.7659574468085106
2022-12,-0.02811005042414305,-0.02647237610558484,0.6379011679862273,False,False,False,-0.048110050424143055,0.75
2023-01,0.021426921689808198,0.023976131941717327,0.6753488314452325,True,True,True,0.0014269216898081978,0.7551020408163265
2023-02,-0.05040094519074323,-0.048725902409819444,0.9922813581103392,False,False,False,-0.07040094519074323,0.74
2023-03,0.018114118794460454,0.022498902152129796,0.6971246223536229,True,False,False,-0.0018858812055395462,0.7450980392156863
2023-04,0.010730588821534548,0.011809439263847255,0.9562099449610387,True,False,False,-0.009269411178465452,0.75
2023-05,-0.013522720626339857,-0.012534007422478566,0.9870302002062323,False,False,False,-0.03352272062633986,0.7358490566037735
2023-06,0.05481848163184222,0.05652778373501666,0.9895198457289074,True,True,False,0.034818481631842216,0.7407407407407407
2023-07,0.04800479734976504,0.049832528331454684,0.8101356001748242,True,True,False,0.028004797349765038,0.7454545454545455
2023-08,0.00528679275465449,0.007059076934671005,0.7681125431437521,True,False,False,-0.01471320724534551,0.75
2023-09,-0.030945293388671247,-0.02891534626556924,0.9229795837693189,False,False,False,-0.05094529338867125,0.7368421052631579
2023-10,0.021661590065285452,0.025469109130719536,0.9493701453579233,True,True,True,0.0016615900652854516,0.7413793103448276
2023-11,0.05057891356120581,0.05165776440579917,0.9916596863980572,True,True,False,0.030578913561205807,0.7457627118644068
2023-12,0.06378482639510663,0.06445528645238019,0.9982788251445881,True,True,False,0.04378482639510663,0.75
2024-01,0.01003311279554664,0.010968156929076045,0.9914126231224955,True,False,False,-0.009966887204453361,0.7540983606557377
2024-02,0.039725731588038604,0.0413045855442129,0.9979066631487172,True,True,True,0.019725731588038604,0.7580645161290323
2024-03,0.04046239737458057,0.042069946653390033,0.9945582586662663,True,True,False,0.02046239737458057,0.7619047619047619
2024-04,-0.01877109188274373,-0.01802924979401832,0.9919489975206857,False,False,False,-0.03877109188274373,0.75
2024-05,0.01039568985531969,0.010969278869114474,0.996907539710929,True,False,False,-0.00960431014468031,0.7538461538461538
2024-06,0.0069943578587119415,0.008284198144821175,0.9888391711278172,True,False,False,-0.013005642141288059,0.7575757575757576
2024-07,0.02238049029168443,0.023455875375247848,0.9966143227072722,True,True,True,0.002380490291684429,0.7611940298507462
2024-08,-0.0068401881454441815,-0.0033318255670706787,0.8644098954618886,False,False,False,-0.026840188145444182,0.75
2024-09,0.03787858567507385,0.03884053027961554,0.9925762701953681,True,True,True,0.01787858567507385,0.7536231884057971
2024-10,-0.012941651937036225,-0.011835371155690555,0.9966161255236451,False,False,False,-0.03294165193703623,0.7428571428571429
2024-11,0.08518761729409019,0.08605713026820205,0.9960638817892996,True,True,False,0.06518761729409019,0.7464788732394366
2024-12,-0.03755121529000527,-0.036381731038715004,0.9030334412014748,False,False,False,-0.05755121529000527,0.7361111111111112
2025-01,0.03741699889244421,0.0381031610990048,0.9880156112933903,True,True,True,0.01741699889244421,0.7397260273972602
2025-02,-0.017949514134748323,-0.017017684029581148,0.9918919217211819,False,False,False,-0.03794951413474833,0.7297297297297297
2025-03,-0.013666769507600596,-0.010606195918737238,0.7931538727977528,False,False,False,-0.0336667695076006,0.72
2025-04,0.008423479856501492,0.011257548487387803,0.7019146431475057,True,False,False,-0.011576520143498508,0.7236842105263158
2025-05,0.0857120550686834,0.08912898879163222,0.9593958634045588,True,True,False,0.0657120550686834,0.7272727272727273
2025-06,0.021559234056060195,0.022476728355601328,0.9909291542884476,True,True,True,0.0015592340560601943,0.7307692307692307
2025-07,0.026885158027833755,0.027686580697075858,0.9985710550587614,True,True,True,0.006885158027833755,0.7341772151898734
2025-08,0.021813481115337208,0.023922066583268675,0.9902371852292176,True,True,True,0.0018134811153372073,0.7375
2025-09,0.023666463722178177,0.02417114305504442,0.9991938380777208,True,True,True,0.0036664637221781766,0.7407407407407407
2025-10,0.00329569747371794,0.0040486530744030524,0.9927862557095012,True,False,False,-0.01670430252628206,0.7439024390243902
2025-11,0.004199653472101383,0.005257302653576046,0.9941576947492021,True,False,False,-0.015800346527898617,0.7469879518072289
2025-12,0.018368477016098117,0.019114287428962262,0.9960886719949946,True,False,False,-0.0016315229839018834,0.75
2026-01,0.027901391529521424,0.028679471911674748,0.9935106179590011,True,True,True,0.007901391529521424,0.7529411764705882
2026-02,0.030261613074918037,0.030743391520680063,0.9977619873843714,True,True,True,0.010261613074918036,0.7558139534883721
2026-03,-0.037710199179814,-0.03447865823032836,0.9078503889762691,False,False,False,-0.057710199179814,0.7471264367816092
2026-04,0.03333354618176054,0.034805755118265,0.98330837406254,True,True,True,0.013333546181760542,0.75
2026-05,0.024115965409056805,0.025353904213535117,0.9930137006885411,True,True,True,0.004115965409056805,0.7528089887640449
2026-06,0.04175643760127001,0.042957689903349694,0.993719101067942,True,True,False,0.021756437601270013,0.7555555555555555
2026-07,0.0021753915388942335,0.0032565042929133536,0.9912754528449499,True,False,False,-0.017824608461105767,0.7582417582417582
2026-08,0.011470032821388587,0.012635253798465751,0.9973492969251854,True,False,False,-0.008529967178611413,0.7608695652173914
2026-09,-0.002282383010213662,-0.0022562931869032354,0.9995367447733855,False,False,False,-0.022282383010213663,0.7526881720430108
