eq,cry,deff,wd,ann,pos,ann_is,pos_is,ann_oos,pos_oos
0.64,0.26,0.1,0.0,0.11237646635985656,0.7350427350427351,0.14463527302801643,0.7361111111111112,0.18395939919899373,0.7333333333333333
0.61,0.24,0.1,0.05,0.11643548429898562,0.7350427350427351,0.15228448649340243,0.7361111111111112,0.1878737042451224,0.7333333333333333
0.58,0.23,0.09,0.09,0.12362096583103506,0.7094017094017094,0.1677199377456886,0.7361111111111112,0.19002537998964208,0.6666666666666666
0.61,0.24,0.15,0.0,0.10837575363192913,0.7350427350427351,0.13709129000672568,0.7222222222222222,0.18134087874030605,0.7555555555555555
0.58,0.23,0.14,0.05,0.11362380306249334,0.7435897435897436,0.1474832497347206,0.7361111111111112,0.18500200353768614,0.7555555555555555
0.56,0.22,0.13,0.09,0.11912451451340257,0.7350427350427351,0.15852171794649397,0.7361111111111112,0.18809996818623737,0.7333333333333333
0.58,0.23,0.19,0.0,0.10456053282170504,0.7435897435897436,0.1301472105220133,0.7222222222222222,0.1785782691318267,0.7777777777777778
0.56,0.22,0.18,0.04,0.11131433372102968,0.7435897435897436,0.14369110461732906,0.7361111111111112,0.18211742824965135,0.7555555555555555
0.53,0.21,0.17,0.09,0.11474985011218564,0.7521367521367521,0.15024556152718807,0.75,0.18529969773482774,0.7555555555555555
0.6,0.3,0.1,0.0,0.11399895820113021,0.7350427350427351,0.14693096151576943,0.75,0.18685541030555297,0.7111111111111111
0.57,0.29,0.09,0.05,0.11887711304087763,0.7264957264957265,0.1570095380566108,0.75,0.18980351613199664,0.6888888888888889
0.55,0.27,0.09,0.09,0.1243429813224101,0.717948717948718,0.16799738814371867,0.7361111111111112,0.19334120948606875,0.6888888888888889
0.57,0.29,0.14,0.0,0.11280910829021984,0.7435897435897436,0.1447702631888587,0.7361111111111112,0.18582106123329786,0.7555555555555555
0.55,0.27,0.13,0.04,0.11738746442338134,0.7521367521367521,0.15398835310078815,0.75,0.18886806349465474,0.7555555555555555
0.53,0.26,0.13,0.08,0.12061679398169162,0.7264957264957265,0.16026551012085025,0.7361111111111112,0.1918172999926256,0.7111111111111111
0.55,0.27,0.18,0.0,0.10903640394981857,0.7435897435897436,0.13716174909924259,0.7361111111111112,0.18420648591148436,0.7555555555555555
0.53,0.26,0.17,0.04,0.1134565855260359,0.7521367521367521,0.14690673985322975,0.75,0.18576007385556983,0.7555555555555555
0.51,0.25,0.16,0.08,0.1167163344411054,0.7435897435897436,0.15276828608835424,0.7361111111111112,0.18935467312603022,0.7555555555555555
0.57,0.34,0.09,0.0,0.11868068688091753,0.7435897435897436,0.15324509595444766,0.75,0.19470185581017962,0.7333333333333333
0.54,0.33,0.09,0.04,0.12145058537066694,0.7350427350427351,0.1614612831751136,0.75,0.19277192376729574,0.7111111111111111
0.52,0.31,0.08,0.08,0.12706972103432312,0.7264957264957265,0.17216568797441084,0.75,0.19723343847829172,0.6888888888888889
0.54,0.33,0.13,0.0,0.1160786018796899,0.7435897435897436,0.1508154918773708,0.75,0.1886333507945106,0.7333333333333333
0.52,0.31,0.12,0.04,0.12053982493410065,0.7435897435897436,0.16029541258046495,0.75,0.19093136474619954,0.7333333333333333
0.5,0.3,0.12,0.08,0.12373301870806867,0.7435897435897436,0.16654233016514006,0.75,0.1938242020574347,0.7333333333333333
0.52,0.31,0.17,0.0,0.1124500005849166,0.7435897435897436,0.14368241550605143,0.7361111111111112,0.1867623896542898,0.7555555555555555
0.5,0.3,0.16,0.04,0.11670315403567451,0.7435897435897436,0.15288699714156706,0.75,0.18862138810397033,0.7333333333333333
0.48,0.29,0.15,0.08,0.12004542933951022,0.7350427350427351,0.15961095985229987,0.7361111111111112,0.19117011716526172,0.7333333333333333
0.54,0.38,0.09,0.0,0.12138456095301371,0.7008547008547008,0.15800989488438308,0.7083333333333334,0.19773704043186974,0.6888888888888889
0.52,0.36,0.08,0.04,0.12615793102236475,0.7094017094017094,0.16681339153831728,0.7222222222222222,0.20238819482841403,0.6888888888888889
0.5,0.35,0.08,0.08,0.1307374090201619,0.7094017094017094,0.17663653508342994,0.7361111111111112,0.20438169688494745,0.6666666666666666
0.52,0.36,0.12,0.0,0.11963078432322137,0.7008547008547008,0.15560763203778874,0.6944444444444444,0.19484188819540582,0.7111111111111111
0.5,0.35,0.12,0.04,0.12366257660674644,0.7264957264957265,0.16609206982218253,0.7361111111111112,0.19369441982305524,0.7111111111111111
0.48,0.33,0.11,0.08,0.12678747112134045,0.717948717948718,0.17218299860569472,0.7222222222222222,0.1965702515748037,0.7111111111111111
0.5,0.35,0.16,0.0,0.11499332907343464,0.7008547008547008,0.14858513743471072,0.6944444444444444,0.18882663641888608,0.7111111111111111
0.48,0.33,0.15,0.04,0.1200479771526041,0.7350427350427351,0.15911404182560843,0.75,0.1914565308179309,0.7111111111111111
0.46,0.32,0.15,0.07,0.1230422244988501,0.7264957264957265,0.16508134730708415,0.7361111111111112,0.19394952205263927,0.7111111111111111
0.66,0.24,0.1,0.0,0.11200550081565501,0.7350427350427351,0.14449282399166682,0.7361111111111112,0.18260701806977342,0.7333333333333333
0.63,0.23,0.09,0.05,0.11979336854821174,0.7264957264957265,0.1601267797850299,0.7361111111111112,0.1861779306840575,0.7111111111111111
0.6,0.22,0.09,0.09,0.1219550471390027,0.717948717948718,0.16389477271257477,0.7361111111111112,0.1893575463339725,0.6888888888888889
0.63,0.23,0.14,0.0,0.10943720603128636,0.7264957264957265,0.13967350035785053,0.7222222222222222,0.18083553405890612,0.7333333333333333
0.6,0.22,0.13,0.04,0.11492251220299182,0.7435897435897436,0.15034147359698902,0.7361111111111112,0.1844315310396298,0.7555555555555555
0.58,0.21,0.13,0.08,0.11870627023209947,0.7350427350427351,0.15774072162055397,0.7361111111111112,0.1875051959950509,0.7333333333333333
0.6,0.22,0.18,0.0,0.1070410284573194,0.7435897435897436,0.13557844546523518,0.7222222222222222,0.1781784504881388,0.7777777777777778
0.58,0.21,0.17,0.04,0.11056618824843831,0.7435897435897436,0.1421888244459217,0.7361111111111112,0.18152394056592475,0.7555555555555555
0.56,0.2,0.16,0.08,0.11440433794315095,0.7435897435897436,0.14968636947874372,0.7361111111111112,0.18459436329843057,0.7555555555555555
0.62,0.28,0.09,0.0,0.11317931659871615,0.7435897435897436,0.14600911249420084,0.75,0.1850791744576355,0.7333333333333333
0.6,0.27,0.09,0.04,0.1180427892357957,0.717948717948718,0.15560688329602912,0.7361111111111112,0.1886525881057321,0.6888888888888889
0.57,0.26,0.08,0.08,0.12130364153162801,0.7094017094017094,0.16166251608761037,0.7361111111111112,0.19209198922911325,0.6666666666666666
0.6,0.27,0.13,0.0,0.11148127967059294,0.7435897435897436,0.14281436229867686,0.7361111111111112,0.18385226844749486,0.7555555555555555
0.57,0.26,0.12,0.04,0.11599257095320273,0.7435897435897436,0.15189230215125377,0.7361111111111112,0.18684065908471678,0.7555555555555555
0.55,0.25,0.12,0.08,0.11928543752562831,0.7435897435897436,0.15836119458930756,0.7361111111111112,0.1896187497186651,0.7555555555555555
0.57,0.26,0.17,0.0,0.10818192663525894,0.7350427350427351,0.1363165349546563,0.7222222222222222,0.1821993935214113,0.7555555555555555
0.55,0.25,0.16,0.04,0.11278370338289027,0.7435897435897436,0.14551208052779133,0.7361111111111112,0.18522365941410673,0.7555555555555555
0.53,0.24,0.15,0.08,0.1159192911027783,0.7521367521367521,0.151703867688897,0.75,0.18781057526166234,0.7555555555555555
0.59,0.32,0.09,0.0,0.11672054737100372,0.7264957264957265,0.15137264174103976,0.75,0.18994325014175698,0.6888888888888889
0.57,0.31,0.08,0.04,0.12087605715514849,0.7350427350427351,0.1594870373481636,0.7638888888888888,0.19336431765572898,0.6888888888888889
0.54,0.3,0.08,0.08,0.12351665322893093,0.717948717948718,0.16550123556084168,0.75,0.194658863464866,0.6666666666666666
0.57,0.31,0.12,0.0,0.11464681807429818,0.7521367521367521,0.14792677648110136,0.75,0.1876665138546848,0.7555555555555555
0.54,0.3,0.12,0.04,0.11914738732391143,0.7521367521367521,0.15697923793883958,0.7638888888888888,0.19074152097194413,0.7333333333333333
0.52,0.29,0.11,0.08,0.12206576646830616,0.7350427350427351,0.16299587758645157,0.7361111111111112,0.19288980668613886,0.7333333333333333
0.54,0.3,0.16,0.0,0.11177016667186768,0.7521367521367521,0.14228881221040574,0.75,0.18622163633470162,0.7555555555555555
0.52,0.29,0.15,0.04,0.1161985868957121,0.7606837606837606,0.15149361795395788,0.7638888888888888,0.18865937377748687,0.7555555555555555
0.5,0.28,0.15,0.07,0.11913204631876208,0.7350427350427351,0.1577494188343982,0.7361111111111112,0.19036313648929643,0.7333333333333333
0.56,0.36,0.08,0.0,0.1196806521855804,0.7264957264957265,0.15506769234205442,0.7361111111111112,0.19570581285010477,0.7111111111111111
0.54,0.34,0.08,0.04,0.12411583941726415,0.7264957264957265,0.16398611719812542,0.7361111111111112,0.19889319876676526,0.7111111111111111
0.52,0.33,0.08,0.08,0.12743067161553834,0.7264957264957265,0.16967653575516403,0.75,0.20308041300353052,0.6888888888888889
0.54,0.34,0.12,0.0,0.1179348058452739,0.7264957264957265,0.15529551903638783,0.7222222222222222,0.1885418034360994,0.7333333333333333
0.52,0.33,0.11,0.04,0.12242907710986509,0.7435897435897436,0.16368969650339532,0.75,0.19258046781168736,0.7333333333333333
0.5,0.32,0.11,0.07,0.1252538605619275,0.7435897435897436,0.16911347502395613,0.75,0.19536390501232337,0.7333333333333333
0.52,0.33,0.15,0.0,0.11463488838367326,0.717948717948718,0.14811388662931657,0.7222222222222222,0.18783948072635356,0.7111111111111111
0.5,0.32,0.15,0.04,0.11908142437864584,0.7435897435897436,0.1572805956080584,0.75,0.1904481993844075,0.7333333333333333
0.48,0.31,0.14,0.07,0.12194255094923231,0.7435897435897436,0.16337221232736385,0.75,0.1921954421159817,0.7333333333333333
0.68,0.23,0.09,0.0,0.11460560287215259,0.7264957264957265,0.14996177095799967,0.7361111111111112,0.1820842154770418,0.7111111111111111
0.65,0.22,0.09,0.04,0.11931529037014264,0.7264957264957265,0.1592826703030733,0.7361111111111112,0.18555462704595818,0.7111111111111111
0.62,0.21,0.08,0.08,0.12355242930556293,0.717948717948718,0.16766925896989804,0.7361111111111112,0.1886883413704009,0.6888888888888889
0.65,0.22,0.13,0.0,0.11115918994060434,0.7350427350427351,0.14341912183138456,0.7361111111111112,0.180399489215464,0.7333333333333333
0.62,0.21,0.12,0.04,0.11603461804195832,0.7350427350427351,0.1530416351431993,0.7361111111111112,0.183879029611929,0.7333333333333333
0.6,0.2,0.12,0.08,0.11830227425106944,0.7350427350427351,0.1570292158973532,0.7361111111111112,0.18689843380656246,0.7333333333333333
0.62,0.21,0.17,0.0,0.10676309691318084,0.7350427350427351,0.13502256309044372,0.7222222222222222,0.17780222831418233,0.7555555555555555
0.6,0.2,0.16,0.04,0.11011694143974038,0.7435897435897436,0.14172946723326718,0.7361111111111112,0.18038165473330292,0.7555555555555555
0.58,0.19,0.15,0.08,0.11366106966494023,0.7435897435897436,0.14856316972016662,0.7361111111111112,0.18337581256355667,0.7555555555555555
0.65,0.27,0.09,0.0,0.11442444511111291,0.7350427350427351,0.14897945586573222,0.75,0.18455554742073665,0.7111111111111111
0.62,0.26,0.08,0.04,0.11740762768624227,0.7264957264957265,0.1544834188407738,0.7361111111111112,0.18782500247264222,0.7111111111111111
0.59,0.25,0.08,0.08,0.12077159330306636,0.7094017094017094,0.16079561908993684,0.7361111111111112,0.19111057253847238,0.6666666666666666
0.62,0.26,0.12,0.0,0.11095234175084948,0.7350427350427351,0.14185795614743596,0.7361111111111112,0.1832627622201258,0.7333333333333333
0.59,0.25,0.12,0.04,0.11559726431254372,0.7435897435897436,0.1511895470179345,0.7361111111111112,0.18625745609313207,0.7555555555555555
0.57,0.24,0.11,0.08,0.11895514820187117,0.7435897435897436,0.15778232247291366,0.7361111111111112,0.18895977331629085,0.7555555555555555
0.59,0.25,0.16,0.0,0.10806464200662386,0.7350427350427351,0.1362739750680626,0.7222222222222222,0.18162140823790018,0.7555555555555555
0.57,0.24,0.15,0.04,0.11221150071224414,0.7435897435897436,0.14480791307160465,0.7361111111111112,0.1839907501347734,0.7555555555555555
0.55,0.23,0.15,0.07,0.11682133343295589,0.7435897435897436,0.1539771050930593,0.7361111111111112,0.1866054473033083,0.7555555555555555
0.61,0.31,0.08,0.0,0.11556968412838786,0.7264957264957265,0.15034043283702878,0.75,0.18714768107881496,0.6888888888888889
0.59,0.29,0.08,0.04,0.11978715216046013,0.7264957264957265,0.15854080065730689,0.75,0.1905282030591286,0.6888888888888889
0.57,0.28,0.08,0.08,0.12259893556621777,0.717948717948718,0.1636887881428785,0.75,0.19372768851796351,0.6666666666666666
0.59,0.29,0.12,0.0,0.11417620296468839,0.7435897435897436,0.14721516783225358,0.7361111111111112,0.18684413018062895,0.7555555555555555
0.57,0.28,0.11,0.04,0.11793016902708604,0.7435897435897436,0.1554751287901961,0.75,0.1883621398617963,0.7333333333333333
0.55,0.27,0.11,0.07,0.12102282592477319,0.7435897435897436,0.1613824712728157,0.75,0.19129162184859821,0.7333333333333333
0.57,0.28,0.15,0.0,0.11152196066863565,0.7435897435897436,0.14185796148976842,0.7361111111111112,0.1857817846838996,0.7555555555555555
0.55,0.27,0.15,0.04,0.11539448534168446,0.7521367521367521,0.15016090628241724,0.75,0.1875192324717601,0.7555555555555555
0.53,0.26,0.14,0.07,0.11793211967915375,0.7521367521367521,0.15517264015190818,0.75,0.18971063359427892,0.7555555555555555
0.58,0.34,0.08,0.0,0.11973800221195322,0.7264957264957265,0.1544865002219485,0.7361111111111112,0.1964692843679901,0.7111111111111111
0.56,0.33,0.07,0.04,0.1218689189723536,0.7264957264957265,0.16214969064095325,0.75,0.1929347706467595,0.6888888888888889
0.54,0.32,0.07,0.07,0.12467397482243707,0.7264957264957265,0.16741225302728988,0.75,0.19592924197499234,0.6888888888888889
0.56,0.33,0.11,0.0,0.11683159450587335,0.7435897435897436,0.1518643644710073,0.75,0.18957651200864145,0.7333333333333333
0.54,0.32,0.11,0.04,0.12033482889727944,0.7435897435897436,0.15995164970247366,0.75,0.19052529304758903,0.7333333333333333
0.52,0.3,0.1,0.07,0.12347312739839861,0.7435897435897436,0.16531366312895507,0.75,0.19441592732249596,0.7333333333333333
0.54,0.32,0.14,0.0,0.11430738106408,0.7521367521367521,0.14714199180852622,0.75,0.18792905698146664,0.7555555555555555
0.52,0.3,0.14,0.03,0.11780378236887339,0.7435897435897436,0.15505093720514,0.75,0.1889898186710599,0.7333333333333333
0.5,0.29,0.13,0.07,0.12100824219246296,0.7435897435897436,0.16150914115632703,0.75,0.19133747065463907,0.7333333333333333
0.7,0.22,0.09,0.0,0.11450662021543398,0.7350427350427351,0.14995992422447244,0.75,0.1816129877312136,0.7111111111111111
0.67,0.21,0.08,0.04,0.1189670550221739,0.7264957264957265,0.15871241086779497,0.7361111111111112,0.18500169116935195,0.7111111111111111
0.64,0.2,0.08,0.08,0.12300322916845612,0.717948717948718,0.16662431284789714,0.7361111111111112,0.18809858032783322,0.6888888888888889
0.67,0.21,0.12,0.0,0.11061024368842351,0.7350427350427351,0.14205140186155973,0.7361111111111112,0.18002242286286083,0.7333333333333333
0.64,0.2,0.12,0.04,0.11581378147880046,0.7350427350427351,0.15273228512069045,0.7361111111111112,0.1833638869300349,0.7333333333333333
0.62,0.19,0.11,0.08,0.11988013087344211,0.7350427350427351,0.1607289263327632,0.7361111111111112,0.18638895687951046,0.7333333333333333
0.64,0.2,0.16,0.0,0.10692249507838866,0.7350427350427351,0.13587805978570217,0.7222222222222222,0.17684826669061535,0.7555555555555555
0.62,0.19,0.15,0.04,0.11140156950563078,0.7435897435897436,0.14473141502879885,0.7361111111111112,0.1800056407238782,0.7555555555555555
0.6,0.18,0.15,0.07,0.11351390364998645,0.7435897435897436,0.14836061718053814,0.7361111111111112,0.18291152266601426,0.7555555555555555
0.66,0.26,0.08,0.0,0.11417238902903083,0.7264957264957265,0.14864231319399146,0.7361111111111112,0.18397295304393863,0.7111111111111111
0.64,0.25,0.08,0.04,0.11846414564036163,0.7264957264957265,0.15708520755311517,0.7361111111111112,0.18715379058089293,0.7111111111111111
0.61,0.24,0.08,0.08,0.12272547310182899,0.7094017094017094,0.16503866826915098,0.7361111111111112,0.19013682524265288,0.6666666666666666
0.64,0.25,0.12,0.0,0.11043755201143753,0.7350427350427351,0.14094829274271134,0.7361111111111112,0.18270387970444196,0.7333333333333333
0.61,0.24,0.11,0.04,0.11517207821923638,0.7350427350427351,0.15042113717697284,0.7361111111111112,0.18569591203029157,0.7333333333333333
0.59,0.23,0.11,0.07,0.12010740526238202,0.7350427350427351,0.16029530632126887,0.7361111111111112,0.18839574195234599,0.7333333333333333
0.61,0.24,0.15,0.0,0.10875714281447177,0.7350427350427351,0.1383846301497782,0.7222222222222222,0.1805084331891989,0.7555555555555555
0.59,0.23,0.15,0.04,0.11318211188501366,0.7435897435897436,0.14691061150383705,0.7361111111111112,0.1834561742589673,0.7555555555555555
0.57,0.22,0.14,0.07,0.11638674111954792,0.7435897435897436,0.15311670807277328,0.7361111111111112,0.18612888731834062,0.7555555555555555
0.63,0.29,0.08,0.0,0.11496687236011503,0.7264957264957265,0.14937967372119892,0.75,0.18625579690340707,0.6888888888888889
0.61,0.28,0.07,0.04,0.1190924309529015,0.7264957264957265,0.1573806817744473,0.75,0.18955673293118985,0.6888888888888889
0.59,0.27,0.07,0.07,0.12177578750432493,0.717948717948718,0.16222439632519808,0.7361111111111112,0.19268215156773152,0.6888888888888889
0.61,0.28,0.11,0.0,0.11165334856789688,0.7435897435897436,0.14271477826535123,0.75,0.1847949483791512,0.7333333333333333
0.59,0.27,0.11,0.04,0.1173574745811039,0.7435897435897436,0.15449188304387645,0.7361111111111112,0.18756920808736977,0.7555555555555555
0.57,0.26,0.1,0.07,0.12050363021384353,0.7350427350427351,0.16052093132361928,0.7361111111111112,0.19037034125175026,0.7333333333333333
0.59,0.27,0.14,0.0,0.1103763532160266,0.7350427350427351,0.1407354851447284,0.7222222222222222,0.18317925694024967,0.7555555555555555
0.57,0.26,0.14,0.03,0.11438916043221813,0.7435897435897436,0.1488199764988021,0.7361111111111112,0.18573964664651027,0.7555555555555555
0.55,0.25,0.13,0.07,0.11710456364713293,0.7521367521367521,0.15415160759534752,0.75,0.1880112556862992,0.7555555555555555
0.6,0.32,0.07,0.0,0.11789455644088248,0.7264957264957265,0.1535940011080333,0.75,0.19062853322240364,0.6888888888888889
0.58,0.31,0.07,0.04,0.12172368573274915,0.7264957264957265,0.16103778711533676,0.75,0.19376237955344008,0.6888888888888889
0.56,0.3,0.07,0.07,0.12370972312918897,0.7264957264957265,0.16564175232672967,0.75,0.19480793141035502,0.6888888888888889
0.58,0.31,0.11,0.0,0.11453206366463492,0.7350427350427351,0.14707907043369525,0.7361111111111112,0.18872610023322584,0.7333333333333333
0.56,0.3,0.1,0.03,0.11999442200517028,0.7521367521367521,0.15827461420197514,0.7638888888888888,0.19158238700951605,0.7333333333333333
0.54,0.29,0.1,0.07,0.12227524329706599,0.7435897435897436,0.16366352893365918,0.75,0.19235163165619917,0.7333333333333333
0.56,0.3,0.14,0.0,0.11369064440363459,0.7521367521367521,0.14641068562596554,0.75,0.18660545484884117,0.7555555555555555
0.54,0.29,0.13,0.03,0.11755721741669253,0.7606837606837606,0.15424574514711276,0.7638888888888888,0.18905724074448182,0.7555555555555555
0.52,0.28,0.13,0.06,0.12049898606882875,0.7350427350427351,0.15934128887088664,0.7361111111111112,0.19254701630554272,0.7333333333333333
