eq,cry,deff,wd,avg,pos,avg_is,pos_is,avg_oos,pos_oos
0.44,0.22,0.1,0.0,0.015630592110121033,0.7419354838709677,0.015739955175193696,0.7291666666666666,0.015513938174043526,0.7555555555555555
0.44,0.22,0.1,0.04,0.016352797516568488,0.7419354838709677,0.016857754661292457,0.7291666666666666,0.015814176562196247,0.7555555555555555
0.44,0.22,0.1,0.08,0.016975514143194835,0.7096774193548387,0.01780042744557121,0.7083333333333334,0.016095606620660036,0.7111111111111111
0.44,0.22,0.1,0.12,0.01755331976707857,0.6989247311827957,0.018846027244489676,0.6875,0.016174431791173383,0.7111111111111111
0.44,0.22,0.13,0.0,0.015345993537944263,0.7419354838709677,0.015291027533749585,0.7291666666666666,0.015404623942418587,0.7555555555555555
0.44,0.22,0.13,0.04,0.016065907346164563,0.7419354838709677,0.01643502592305762,0.7291666666666666,0.015672180864145308,0.7555555555555555
0.44,0.22,0.13,0.08,0.01661970657457483,0.7204301075268817,0.017344201194496162,0.7083333333333334,0.015846912313325412,0.7333333333333333
0.44,0.22,0.13,0.12,0.017127958883565043,0.6989247311827957,0.018283028475861895,0.6875,0.015895884651781732,0.7111111111111111
0.44,0.22,0.16,0.0,0.014988659917750325,0.7526881720430108,0.01485827945789253,0.7291666666666666,0.015127732408265308,0.7777777777777778
0.44,0.22,0.16,0.04,0.015702862671931793,0.7419354838709677,0.015891707473099995,0.7291666666666666,0.015501428217352379,0.7555555555555555
0.44,0.22,0.16,0.08,0.016246637976877615,0.7204301075268817,0.016751085281844647,0.6875,0.015708560851579446,0.7555555555555555
0.44,0.22,0.16,0.12,0.016742869019688723,0.6989247311827957,0.017704579257743876,0.6875,0.015717044765763227,0.7111111111111111
0.44,0.22,0.19,0.0,0.014708321597739715,0.7526881720430108,0.014418766097681552,0.7291666666666666,0.015017180797801753,0.7777777777777778
0.44,0.22,0.19,0.04,0.015327592059403377,0.7526881720430108,0.015370151481992044,0.7291666666666666,0.015282195341975465,0.7777777777777778
0.44,0.22,0.19,0.08,0.015870284842485424,0.7311827956989247,0.016201186336391022,0.6875,0.015517323248986121,0.7777777777777778
0.44,0.22,0.19,0.12,0.016406291038628687,0.7096774193548387,0.017077167551941063,0.6875,0.015690689424428812,0.7333333333333333
0.44,0.26,0.1,0.0,0.016076222075879554,0.7419354838709677,0.016400419760638843,0.75,0.015730411212136308,0.7333333333333333
0.44,0.26,0.1,0.04,0.016722841247734953,0.7311827956989247,0.017430496770655373,0.7291666666666666,0.01596800868995317,0.7333333333333333
0.44,0.26,0.1,0.08,0.017352241820149796,0.7204301075268817,0.01838719446743971,0.7291666666666666,0.016248292329707217,0.7111111111111111
0.44,0.26,0.1,0.12,0.017983525773426833,0.6989247311827957,0.019382344407221332,0.6875,0.016491452564046032,0.7111111111111111
0.44,0.26,0.13,0.0,0.015781586328760464,0.7526881720430108,0.015951209967222556,0.75,0.015600654447734228,0.7555555555555555
0.44,0.26,0.13,0.04,0.016426552658326536,0.7311827956989247,0.017012086332336588,0.7291666666666666,0.01580198340604915,0.7333333333333333
0.44,0.26,0.13,0.08,0.016991177376134963,0.6989247311827957,0.017927594075311377,0.6875,0.015992332897013458,0.7111111111111111
0.44,0.26,0.13,0.12,0.017552270133864362,0.6989247311827957,0.018816985217490517,0.6875,0.016203240711329798,0.7111111111111111
0.44,0.26,0.16,0.0,0.015534329351254265,0.7526881720430108,0.015529942725567639,0.75,0.015539008418653336,0.7555555555555555
0.44,0.26,0.16,0.04,0.01605071541368405,0.7204301075268817,0.01645567741660111,0.7083333333333334,0.015618755943905849,0.7333333333333333
0.44,0.26,0.16,0.08,0.016622776407666514,0.7096774193548387,0.01736502704636945,0.6875,0.01583104239305004,0.7333333333333333
0.44,0.26,0.16,0.12,0.017202440296088917,0.6989247311827957,0.01831541271441731,0.6875,0.01601526971653863,0.7111111111111111
0.44,0.26,0.19,0.0,0.015256075472927172,0.7526881720430108,0.015121123982036066,0.75,0.015400023729877683,0.7555555555555555
0.44,0.26,0.19,0.04,0.01582122393391303,0.7311827956989247,0.01600955748963213,0.7083333333333334,0.015620334807812653,0.7555555555555555
0.44,0.26,0.19,0.08,0.016281284813779405,0.7096774193548387,0.016856038839494672,0.6875,0.01566821385301646,0.7333333333333333
0.44,0.26,0.19,0.12,0.0168250006386125,0.6989247311827957,0.0177452346247708,0.6875,0.015843417720043648,0.7111111111111111
0.44,0.3,0.1,0.0,0.016519853285772202,0.6989247311827957,0.016868355323675244,0.6875,0.01614811777867562,0.7111111111111111
0.44,0.3,0.1,0.04,0.017111114053086664,0.7204301075268817,0.01798528322418295,0.7291666666666666,0.016178666937250626,0.7111111111111111
0.44,0.3,0.1,0.08,0.017734443062511526,0.6989247311827957,0.018932600297612737,0.7083333333333334,0.016456408678403568,0.6888888888888889
0.44,0.3,0.1,0.12,0.01837613371913221,0.6989247311827957,0.01993834783333615,0.7083333333333334,0.016709771997314684,0.6888888888888889
0.44,0.3,0.13,0.0,0.016222509003829596,0.7096774193548387,0.016664174700451756,0.7083333333333334,0.015751398927432627,0.7111111111111111
0.44,0.3,0.13,0.04,0.016845493088792594,0.7204301075268817,0.01762499967058623,0.7291666666666666,0.016014019401546047,0.7111111111111111
0.44,0.3,0.13,0.08,0.017397962569243267,0.6989247311827957,0.018518607732001854,0.7083333333333334,0.016202607728967436,0.6888888888888889
0.44,0.3,0.13,0.12,0.01797870499968393,0.6881720430107527,0.019442359647271312,0.7083333333333334,0.016417473375590727,0.6666666666666666
0.44,0.3,0.16,0.0,0.015892769056679044,0.7204301075268817,0.01618019743981949,0.7291666666666666,0.015586178781329237,0.7111111111111111
0.44,0.3,0.16,0.04,0.016486531356046493,0.7204301075268817,0.017098945917564386,0.7291666666666666,0.01583328915709407,0.7111111111111111
0.44,0.3,0.16,0.08,0.01703804871777505,0.7096774193548387,0.01796875040830326,0.7083333333333334,0.01604530024787829,0.7111111111111111
0.44,0.3,0.16,0.12,0.017634290173626537,0.6774193548387096,0.0189456882428312,0.6875,0.0162354655664749,0.6666666666666666
0.44,0.3,0.19,0.0,0.015630706391562058,0.7311827956989247,0.01579554444032031,0.7291666666666666,0.015454879139553252,0.7333333333333333
0.44,0.3,0.19,0.04,0.01619833901417604,0.7204301075268817,0.016687050794040557,0.7291666666666666,0.015677046448987226,0.7111111111111111
0.44,0.3,0.19,0.08,0.01678226758026731,0.6989247311827957,0.01762873881662878,0.6875,0.015879364928148412,0.7111111111111111
0.44,0.3,0.19,0.12,0.017275863228774075,0.6774193548387096,0.01841722542993787,0.6875,0.016058410214199362,0.6666666666666666
0.44,0.34,0.1,0.0,0.01698791946142572,0.6881720430107527,0.017478578935672624,0.6666666666666666,0.016464549355562363,0.7111111111111111
0.44,0.34,0.1,0.04,0.017603809843693623,0.6881720430107527,0.018403844031059814,0.6666666666666666,0.01675044004383636,0.7111111111111111
0.44,0.34,0.1,0.08,0.018315551430699132,0.6774193548387096,0.019531929072244377,0.6875,0.017018081946384198,0.6666666666666666
0.44,0.34,0.1,0.12,0.01869896481884069,0.6774193548387096,0.02036530332942045,0.6875,0.016921537074222278,0.6666666666666666
0.44,0.34,0.13,0.0,0.016613031493526255,0.6881720430107527,0.017215325785997996,0.6666666666666666,0.01597058424822307,0.7111111111111111
0.44,0.34,0.13,0.04,0.017170989092303846,0.6881720430107527,0.018058890402384575,0.6666666666666666,0.016223894361551073,0.7111111111111111
0.44,0.34,0.13,0.08,0.01782335950497695,0.6989247311827957,0.01915371255765361,0.7083333333333334,0.016404316248788506,0.6888888888888889
0.44,0.34,0.13,0.12,0.018317896741247935,0.6881720430107527,0.019908594912309913,0.7083333333333334,0.016621152025448487,0.6666666666666666
0.44,0.34,0.16,0.0,0.0162776917703235,0.6881720430107527,0.016721508499694084,0.6666666666666666,0.015804287258994885,0.7111111111111111
0.44,0.34,0.16,0.04,0.016947201937375932,0.7204301075268817,0.017792631344908678,0.7291666666666666,0.016045410569340994,0.7111111111111111
0.44,0.34,0.16,0.08,0.01748690115020448,0.6989247311827957,0.018643770721141643,0.7083333333333334,0.016252906941204834,0.6888888888888889
0.44,0.34,0.16,0.12,0.018017049736955327,0.6881720430107527,0.019489065402153925,0.7083333333333334,0.01644689969407682,0.6666666666666666
0.44,0.34,0.19,0.0,0.01609120733867268,0.6881720430107527,0.01650524283656282,0.6666666666666666,0.015649569474256535,0.7111111111111111
0.44,0.34,0.19,0.04,0.01668116297815881,0.7096774193548387,0.017427284838610335,0.7083333333333334,0.01588529966034385,0.7111111111111111
0.44,0.34,0.19,0.08,0.017207109781101366,0.6989247311827957,0.018255372018778332,0.7083333333333334,0.016088963394245932,0.6888888888888889
0.44,0.34,0.19,0.12,0.017682357660672277,0.6881720430107527,0.01900336897032033,0.7083333333333334,0.01627327893038102,0.6666666666666666
0.48,0.22,0.1,0.0,0.01546954570505194,0.7419354838709677,0.015585910851068537,0.7291666666666666,0.015345422882634243,0.7555555555555555
0.48,0.22,0.1,0.04,0.016121148950075447,0.7311827956989247,0.01657609239671403,0.7083333333333334,0.015635875940327622,0.7555555555555555
0.48,0.22,0.1,0.08,0.016750577222955823,0.7204301075268817,0.017534680879032143,0.7291666666666666,0.015914199989807747,0.7111111111111111
0.48,0.22,0.1,0.12,0.017403994459647566,0.6989247311827957,0.018470279331169254,0.6875,0.01626662393002443,0.7111111111111111
0.48,0.22,0.13,0.0,0.015212196245186594,0.7311827956989247,0.015177225790750775,0.7083333333333334,0.015249498063251465,0.7555555555555555
0.48,0.22,0.13,0.04,0.015847330749484752,0.7311827956989247,0.01619409840723633,0.7083333333333334,0.01547744524788307,0.7555555555555555
0.48,0.22,0.13,0.08,0.01645426071471092,0.7311827956989247,0.017055398163064336,0.7291666666666666,0.015813047436467283,0.7333333333333333
0.48,0.22,0.13,0.12,0.017043475365825362,0.7096774193548387,0.01801673811584766,0.6875,0.016005328432468248,0.7333333333333333
0.48,0.22,0.16,0.0,0.01492896140850959,0.7419354838709677,0.014795037374393792,0.7083333333333334,0.015071813711566441,0.7777777777777778
0.48,0.22,0.16,0.04,0.015562392371153136,0.7419354838709677,0.015760892301288198,0.7291666666666666,0.0153506591123424,0.7555555555555555
0.48,0.22,0.16,0.08,0.016135645054955582,0.7419354838709677,0.016563668687645722,0.7291666666666666,0.015679086513419434,0.7555555555555555
0.48,0.22,0.16,0.12,0.016660666937811527,0.7096774193548387,0.0174195456987536,0.6875,0.015851196259473312,0.7333333333333333
0.48,0.22,0.19,0.0,0.014587053849404659,0.7526881720430108,0.014311662834383898,0.7291666666666666,0.014880804265426805,0.7777777777777778
0.48,0.22,0.19,0.04,0.015251681977043212,0.7526881720430108,0.01526303624804709,0.7291666666666666,0.015239570754639074,0.7777777777777778
0.48,0.22,0.19,0.08,0.01576442049017859,0.7526881720430108,0.01603522497651771,0.7291666666666666,0.015475562371416859,0.7777777777777778
0.48,0.22,0.19,0.12,0.01628288895990886,0.7096774193548387,0.016866990374204378,0.6875,0.015659847451326977,0.7333333333333333
0.48,0.26,0.1,0.0,0.015886647295429518,0.7419354838709677,0.01610193264757236,0.7291666666666666,0.015657009586477158,0.7555555555555555
0.48,0.26,0.1,0.04,0.016538001897755086,0.7419354838709677,0.0170826320204932,0.75,0.01595706310016777,0.7333333333333333
0.48,0.26,0.1,0.08,0.01711539745825374,0.7096774193548387,0.017995834826526433,0.7083333333333334,0.01617626426542954,0.7111111111111111
0.48,0.26,0.1,0.12,0.017702383377412166,0.6989247311827957,0.018909417095935608,0.6875,0.0164148807443205,0.7111111111111111
0.48,0.26,0.13,0.0,0.015669432004040508,0.7526881720430108,0.015774875037150443,0.75,0.015556959435389909,0.7555555555555555
0.48,0.26,0.13,0.04,0.016239825628053078,0.7526881720430108,0.01669872550522241,0.75,0.01575033242573913,0.7555555555555555
0.48,0.26,0.13,0.08,0.016818724704691704,0.7096774193548387,0.017652647801436303,0.7083333333333334,0.0159292067348308,0.7111111111111111
0.48,0.26,0.13,0.12,0.017376488333586352,0.6989247311827957,0.018538697234933406,0.6875,0.016136798838816156,0.7111111111111111
0.48,0.26,0.16,0.0,0.015410566992912178,0.7526881720430108,0.015409791170992067,0.75,0.015411394536293636,0.7555555555555555
0.48,0.26,0.16,0.04,0.016022675285922515,0.7419354838709677,0.016296090727691077,0.7291666666666666,0.01573103214803605,0.7555555555555555
0.48,0.26,0.16,0.08,0.016474092269653896,0.7204301075268817,0.017136111323338605,0.7083333333333334,0.015767938612390207,0.7333333333333333
0.48,0.26,0.16,0.12,0.017004040065130222,0.6989247311827957,0.017989340502929448,0.6875,0.015953052931477713,0.7111111111111111
0.48,0.26,0.19,0.0,0.015145634267483814,0.7526881720430108,0.014950984264764653,0.7291666666666666,0.015353260937050922,0.7777777777777778
0.48,0.26,0.19,0.04,0.015689785156550357,0.7526881720430108,0.015788053185464435,0.7291666666666666,0.01558496592570867,0.7777777777777778
0.48,0.26,0.19,0.08,0.016236063893916745,0.7204301075268817,0.0166671639696347,0.6875,0.015776223813150924,0.7555555555555555
0.48,0.26,0.19,0.12,0.016663176314438227,0.6989247311827957,0.017488002431607762,0.6875,0.015783361789457398,0.7111111111111111
0.48,0.3,0.1,0.0,0.01624946526332166,0.7204301075268817,0.01674776734504498,0.7083333333333334,0.01571794304281679,0.7333333333333333
0.48,0.3,0.1,0.04,0.016893936107935253,0.7311827956989247,0.01764157428728712,0.7291666666666666,0.01609645538329326,0.7333333333333333
0.48,0.3,0.1,0.08,0.01747383585995021,0.7204301075268817,0.018513017266000183,0.7291666666666666,0.016365375693496904,0.7111111111111111
0.48,0.3,0.1,0.12,0.018078713711966173,0.7096774193548387,0.019453521857626253,0.7083333333333334,0.016612251689928755,0.7111111111111111
0.48,0.3,0.13,0.0,0.015992791712754802,0.7311827956989247,0.01636803518741628,0.7291666666666666,0.015592532006449224,0.7333333333333333
0.48,0.3,0.13,0.04,0.016593251792539235,0.7311827956989247,0.017260117430495315,0.7291666666666666,0.01588192844538609,0.7333333333333333
0.48,0.3,0.13,0.08,0.017182599322809054,0.7311827956989247,0.01818213535458162,0.7291666666666666,0.016116427555584983,0.7333333333333333
0.48,0.3,0.13,0.12,0.017706807566994276,0.6989247311827957,0.01899977345207471,0.6875,0.016327643956241814,0.7111111111111111
0.48,0.3,0.16,0.0,0.01576547532966256,0.7204301075268817,0.01600075732293062,0.7291666666666666,0.015514507870176625,0.7111111111111111
0.48,0.3,0.16,0.04,0.01632903297028568,0.7204301075268817,0.016870089835074844,0.7291666666666666,0.015751905647843904,0.7111111111111111
0.48,0.3,0.16,0.08,0.01688003532142747,0.7096774193548387,0.01773889392760423,0.6875,0.015963919474838925,0.7333333333333333
0.48,0.3,0.16,0.12,0.017357351192950194,0.6989247311827957,0.01848397455141473,0.6875,0.016155619610588028,0.7111111111111111
0.48,0.3,0.19,0.0,0.01556335564185004,0.7419354838709677,0.015578133749776903,0.7291666666666666,0.015547592326728052,0.7555555555555555
0.48,0.3,0.19,0.04,0.01601593204946398,0.7204301075268817,0.016400555582491306,0.7291666666666666,0.015605666947568169,0.7111111111111111
0.48,0.3,0.19,0.08,0.016567342233368414,0.6989247311827957,0.017280597127177683,0.6875,0.01580653701330519,0.7111111111111111
0.48,0.3,0.19,0.12,0.017032508895825058,0.6881720430107527,0.018038868548637607,0.6875,0.01595905859949167,0.6888888888888889
0.48,0.34,0.1,0.0,0.0167666910081261,0.6989247311827957,0.017129157475523963,0.6875,0.01638006010956837,0.7111111111111111
0.48,0.34,0.1,0.04,0.017360725703166564,0.7096774193548387,0.01802116477075542,0.7083333333333334,0.01665625736440511,0.7111111111111111
0.48,0.34,0.1,0.08,0.017960283079004796,0.6881720430107527,0.018937120176732564,0.6875,0.01691832350809518,0.6888888888888889
0.48,0.34,0.1,0.12,0.018422789873134105,0.6774193548387096,0.019934942229411435,0.7083333333333334,0.016809827359771618,0.6444444444444445
0.48,0.34,0.13,0.0,0.01636045322422886,0.6989247311827957,0.016810254601088242,0.6875,0.015880665088912192,0.7111111111111111
0.48,0.34,0.13,0.04,0.01701405483459664,0.7204301075268817,0.01789598624982433,0.7291666666666666,0.0160733279916871,0.7111111111111111
0.48,0.34,0.13,0.08,0.017546434599357556,0.6989247311827957,0.018712588965592,0.6875,0.01630253660870748,0.7111111111111111
0.48,0.34,0.13,0.12,0.018090103518295386,0.6881720430107527,0.019564408337180435,0.7083333333333334,0.016517511711484665,0.6666666666666666
0.48,0.34,0.16,0.0,0.016160187711341593,0.7096774193548387,0.016576122462250636,0.7083333333333334,0.015716523977038616,0.7111111111111111
0.48,0.34,0.16,0.04,0.01671214780864712,0.7204301075268817,0.017426999518576586,0.7291666666666666,0.01594963931805569,0.7111111111111111
0.48,0.34,0.16,0.08,0.017232855369478293,0.7096774193548387,0.01824186804518964,0.7083333333333334,0.016156575182052844,0.7111111111111111
0.48,0.34,0.16,0.12,0.017754108060482162,0.6881720430107527,0.019069725029394816,0.7083333333333334,0.016350783293641997,0.6666666666666666
0.48,0.34,0.19,0.0,0.015895132570723752,0.7204301075268817,0.01618657553528885,0.7291666666666666,0.01558426007518764,0.7111111111111111
0.48,0.34,0.19,0.04,0.016420156268550413,0.7204301075268817,0.01700199814979139,0.7291666666666666,0.015799524928560033,0.7111111111111111
0.48,0.34,0.19,0.08,0.01698663936560657,0.7096774193548387,0.017911998324731514,0.7083333333333334,0.015999589809206627,0.7111111111111111
0.48,0.34,0.19,0.12,0.01743841757897121,0.6774193548387096,0.018639334813714107,0.6875,0.016157439195245454,0.6666666666666666
0.52,0.22,0.1,0.0,0.015326620496091634,0.7204301075268817,0.015350477919648243,0.7083333333333334,0.015301172577631254,0.7333333333333333
0.52,0.22,0.1,0.04,0.015998274011008833,0.7311827956989247,0.01638218901619966,0.7083333333333334,0.01558876467213862,0.7555555555555555
0.52,0.22,0.1,0.08,0.016621611711537646,0.7204301075268817,0.017346896983256914,0.7083333333333334,0.015847974088370426,0.7333333333333333
0.52,0.22,0.1,0.12,0.01716600332308028,0.7096774193548387,0.01818054245848007,0.7083333333333334,0.0160838282453205,0.7111111111111111
0.52,0.22,0.13,0.0,0.0150925201220625,0.7311827956989247,0.015038799947329711,0.7083333333333334,0.015149821641777477,0.7555555555555555
0.52,0.22,0.13,0.04,0.015733051747676564,0.7311827956989247,0.01601747469130147,0.7083333333333334,0.015429667274476665,0.7555555555555555
0.52,0.22,0.13,0.08,0.016295421372495067,0.7204301075268817,0.016879739406376562,0.7083333333333334,0.015672148803021466,0.7333333333333333
0.52,0.22,0.13,0.12,0.01691479042082882,0.7311827956989247,0.017802682618009245,0.7291666666666666,0.015967705410503026,0.7333333333333333
0.52,0.22,0.16,0.0,0.014868978738854484,0.7311827956989247,0.014719912078129213,0.7083333333333334,0.01502798317696144,0.7555555555555555
0.52,0.22,0.16,0.04,0.015484597945849936,0.7311827956989247,0.01565664080923145,0.7083333333333334,0.015301085558242986,0.7555555555555555
0.52,0.22,0.16,0.08,0.016015188944675747,0.7419354838709677,0.016456587469595666,0.7291666666666666,0.015544363851427836,0.7555555555555555
0.52,0.22,0.16,0.12,0.01651798385490999,0.7204301075268817,0.01721244120401668,0.7083333333333334,0.015777229349196183,0.7333333333333333
0.52,0.22,0.19,0.0,0.014551561246830139,0.7419354838709677,0.014289134216328596,0.7083333333333334,0.014831483412698448,0.7777777777777778
0.52,0.22,0.19,0.04,0.015140577325097186,0.7526881720430108,0.015183109803457925,0.7291666666666666,0.015095209348179067,0.7777777777777778
0.52,0.22,0.19,0.08,0.0156835852335695,0.7526881720430108,0.015919236183706966,0.7291666666666666,0.015432224220089543,0.7777777777777778
0.52,0.22,0.19,0.12,0.016147813275822893,0.7204301075268817,0.016653382245093044,0.7083333333333334,0.015608539708601397,0.7333333333333333
0.52,0.26,0.1,0.0,0.01575143651433136,0.7419354838709677,0.015902798070704643,0.7291666666666666,0.01558998418753319,0.7555555555555555
0.52,0.26,0.1,0.04,0.016306712004684382,0.7311827956989247,0.01681734356008625,0.7291666666666666,0.015762038345589056,0.7333333333333333
0.52,0.26,0.1,0.08,0.016904193379756374,0.7096774193548387,0.01770957457586489,0.7083333333333334,0.016045120103907292,0.7111111111111111
0.52,0.26,0.1,0.12,0.01744625016115912,0.6989247311827957,0.018580453113280975,0.7083333333333334,0.01623643367889581,0.6888888888888889
0.52,0.26,0.13,0.0,0.015554682708503745,0.7419354838709677,0.01564082035706586,0.7291666666666666,0.01546280255003749,0.7555555555555555
0.52,0.26,0.13,0.04,0.016145396894536878,0.7419354838709677,0.0165621578911422,0.7291666666666666,0.0157008518314912,0.7555555555555555
0.52,0.26,0.13,0.08,0.016663560225095148,0.7204301075268817,0.01735011221919696,0.7083333333333334,0.01593123809805322,0.7333333333333333
0.52,0.26,0.13,0.12,0.017168385662925095,0.6989247311827957,0.018283863677708373,0.6875,0.015978542447156262,0.7111111111111111
0.52,0.26,0.16,0.0,0.015335604295666124,0.7419354838709677,0.015295862614602564,0.7291666666666666,0.015377995422133922,0.7555555555555555
0.52,0.26,0.16,0.04,0.01590109775978246,0.7419354838709677,0.016180953070333032,0.7291666666666666,0.015602585428528517,0.7555555555555555
0.52,0.26,0.16,0.08,0.016384239670636524,0.7311827956989247,0.016935197175552422,0.7083333333333334,0.0157965516653929,0.7555555555555555
0.52,0.26,0.16,0.12,0.016865269099934875,0.7096774193548387,0.01775126250107015,0.6875,0.01592020947205725,0.7333333333333333
0.52,0.26,0.19,0.0,0.014979916747221619,0.7526881720430108,0.01484568963312169,0.7291666666666666,0.01512309233559488,0.7777777777777778
0.52,0.26,0.19,0.04,0.015595145672862553,0.7419354838709677,0.01572484539967966,0.7291666666666666,0.015456799297590975,0.7555555555555555
0.52,0.26,0.19,0.08,0.01606631074050831,0.7311827956989247,0.01644909163307116,0.7083333333333334,0.01565801112177461,0.7555555555555555
0.52,0.26,0.19,0.12,0.016534330845192256,0.7096774193548387,0.01722272892001692,0.6875,0.015800039565379283,0.7333333333333333
0.52,0.3,0.1,0.0,0.01611505374420353,0.7419354838709677,0.01640278987739827,0.75,0.01580813520212914,0.7333333333333333
0.52,0.3,0.1,0.04,0.016578465760437783,0.7311827956989247,0.017186415841080056,0.7291666666666666,0.015929985674419358,0.7333333333333333
0.52,0.3,0.1,0.08,0.017226535647905866,0.7204301075268817,0.018101606035674005,0.7291666666666666,0.016293127234286515,0.7111111111111111
0.52,0.3,0.1,0.12,0.017790420573879435,0.6881720430107527,0.018969213953967924,0.6875,0.016533040968451717,0.6888888888888889
0.52,0.3,0.13,0.0,0.015909387566296698,0.7526881720430108,0.01616492325814109,0.75,0.015636816161662674,0.7555555555555555
0.52,0.3,0.13,0.04,0.016392918330573904,0.7311827956989247,0.017020834429103064,0.7291666666666666,0.01572314115880947,0.7333333333333333
0.52,0.3,0.13,0.08,0.016971632928485192,0.7311827956989247,0.017838184447150105,0.7291666666666666,0.016047311308575955,0.7333333333333333
0.52,0.3,0.13,0.12,0.017529821866543407,0.6989247311827957,0.018725993707169614,0.6875,0.016253905236542125,0.7111111111111111
0.52,0.3,0.16,0.0,0.015701411217802178,0.7526881720430108,0.015851686943702228,0.75,0.015541117110175466,0.7555555555555555
0.52,0.3,0.16,0.04,0.016271729881622923,0.7419354838709677,0.016665958083084617,0.7291666666666666,0.01585121980006378,0.7555555555555555
0.52,0.3,0.16,0.08,0.016729062766780933,0.7204301075268817,0.01750484785505016,0.7083333333333334,0.01590155867262709,0.7333333333333333
0.52,0.3,0.16,0.12,0.017178176367695492,0.6989247311827957,0.018251215735127377,0.6875,0.016033601042434814,0.7111111111111111
0.52,0.3,0.19,0.0,0.01546015344002229,0.7526881720430108,0.015412567540424152,0.75,0.015510911732926968,0.7555555555555555
0.52,0.3,0.19,0.04,0.01596245098078217,0.7311827956989247,0.01619688340770856,0.7083333333333334,0.01571238972539402,0.7555555555555555
0.52,0.3,0.19,0.08,0.016408761249550475,0.7096774193548387,0.01703219449031833,0.6875,0.01574376579273143,0.7333333333333333
0.52,0.3,0.19,0.12,0.016851499974403324,0.6989247311827957,0.0177486781814276,0.6875,0.015894509886910765,0.7111111111111111
0.52,0.34,0.1,0.0,0.016609460561949525,0.7204301075268817,0.016975035154060365,0.7083333333333334,0.01621951433036463,0.7333333333333333
0.52,0.34,0.1,0.04,0.01717428580256444,0.7311827956989247,0.017729842044236954,0.7291666666666666,0.016581692478113755,0.7333333333333333
0.52,0.34,0.1,0.08,0.01752060734973817,0.7311827956989247,0.018502321499737597,0.7291666666666666,0.016473445589738775,0.7333333333333333
0.52,0.34,0.1,0.12,0.018133608864535838,0.6989247311827957,0.019463242060607438,0.7083333333333334,0.0167153334553928,0.6888888888888889
0.52,0.34,0.13,0.0,0.016179856398957606,0.7096774193548387,0.01666437913310746,0.7083333333333334,0.01566303214919776,0.7111111111111111
0.52,0.34,0.13,0.04,0.016780074224860084,0.7311827956989247,0.017519615692839583,0.7291666666666666,0.015991229992348626,0.7333333333333333
0.52,0.34,0.13,0.08,0.017324174802568176,0.7311827956989247,0.018362430075517806,0.7291666666666666,0.0162167025114219,0.7333333333333333
0.52,0.34,0.13,0.12,0.017822273140511463,0.7096774193548387,0.01912832705148624,0.7083333333333334,0.016429148968805034,0.7111111111111111
0.52,0.34,0.16,0.0,0.016025795260344824,0.7204301075268817,0.01637423387381264,0.7291666666666666,0.01565412740597916,0.7111111111111111
0.52,0.34,0.16,0.04,0.016557630983325126,0.7204301075268817,0.017200703245485813,0.7291666666666666,0.015871687237020392,0.7111111111111111
0.52,0.34,0.16,0.08,0.01707504210645121,0.7096774193548387,0.018007961085340404,0.7083333333333334,0.016079928528969403,0.7111111111111111
0.52,0.34,0.16,0.12,0.017485222794040224,0.6881720430107527,0.01867622993705519,0.6875,0.01621481517482426,0.6888888888888889
0.52,0.34,0.19,0.0,0.015742226198021833,0.7204301075268817,0.01595528102411862,0.7291666666666666,0.015514967716851931,0.7111111111111111
0.52,0.34,0.19,0.04,0.016251210025509874,0.7204301075268817,0.016743863455726114,0.7291666666666666,0.01572571303327922,0.7111111111111111
0.52,0.34,0.19,0.08,0.016741083999339813,0.7096774193548387,0.017520082664480723,0.7083333333333334,0.01591015208985617,0.7111111111111111
0.52,0.34,0.19,0.12,0.01718255442482141,0.6881720430107527,0.018215942323804232,0.6875,0.016080273999239728,0.6888888888888889
0.56,0.22,0.1,0.0,0.0154452550286495,0.7204301075268817,0.015616784009396006,0.7083333333333334,0.01526229078251989,0.7333333333333333
0.56,0.22,0.1,0.04,0.01588528890994553,0.7204301075268817,0.01620100901164671,0.7083333333333334,0.01554852080146427,0.7333333333333333
0.56,0.22,0.1,0.08,0.016491932297082266,0.7096774193548387,0.017137662917069803,0.7083333333333334,0.01580315296909556,0.7111111111111111
0.56,0.22,0.1,0.12,0.017002137372666135,0.6881720430107527,0.017924466708889187,0.7083333333333334,0.016018319414028218,0.6666666666666666
0.56,0.22,0.13,0.0,0.015228003787832232,0.7311827956989247,0.015335439669966483,0.7083333333333334,0.015113405513555701,0.7555555555555555
0.56,0.22,0.13,0.04,0.015621190744732467,0.7311827956989247,0.01583501516601953,0.7083333333333334,0.015393111362026264,0.7555555555555555
0.56,0.22,0.13,0.08,0.016203132254998677,0.7311827956989247,0.016734875269631386,0.7083333333333334,0.01563593970605712,0.7555555555555555
0.56,0.22,0.13,0.12,0.016679418279834584,0.7204301075268817,0.01748284073901361,0.7083333333333334,0.01582243432337696,0.7333333333333333
0.56,0.22,0.16,0.0,0.014775199420498647,0.7311827956989247,0.014573930379651627,0.7083333333333334,0.014989886397402133,0.7555555555555555
0.56,0.22,0.16,0.04,0.015375443572058506,0.7311827956989247,0.015483372645519876,0.7083333333333334,0.015260319227033041,0.7555555555555555
0.56,0.22,0.16,0.08,0.015904998824288856,0.7311827956989247,0.016332629006498133,0.7083333333333334,0.01544885996326562,0.7555555555555555
0.56,0.22,0.16,0.12,0.01641417691311553,0.7311827956989247,0.017037936854539224,0.7291666666666666,0.015748832975596917,0.7333333333333333
0.56,0.22,0.19,0.0,0.01450699114598036,0.7419354838709677,0.014241477624032023,0.7083333333333334,0.014790205569391921,0.7777777777777778
0.56,0.22,0.19,0.04,0.01504182297468837,0.7419354838709677,0.015037932571289445,0.7083333333333334,0.015045972738313889,0.7777777777777778
0.56,0.22,0.19,0.08,0.01555405413586698,0.7311827956989247,0.01581565654772588,0.7083333333333334,0.015275011563217488,0.7555555555555555
0.56,0.22,0.19,0.12,0.01605734672820515,0.7311827956989247,0.016506942083287134,0.7291666666666666,0.015577778349451035,0.7333333333333333
0.56,0.26,0.1,0.0,0.015540283191206112,0.7311827956989247,0.015651425732139058,0.7291666666666666,0.015421731147544297,0.7333333333333333
0.56,0.26,0.1,0.04,0.016163937963576704,0.7311827956989247,0.016603365402108227,0.7083333333333334,0.01569521536247642,0.7555555555555555
0.56,0.26,0.1,0.08,0.016737566386030703,0.7096774193548387,0.01745635400103679,0.7083333333333334,0.015970859596690874,0.7111111111111111
0.56,0.26,0.1,0.12,0.017287313958878482,0.6989247311827957,0.018291990685325006,0.7083333333333334,0.016215658784002187,0.6888888888888889
0.56,0.26,0.13,0.0,0.015393691954769795,0.7419354838709677,0.015471201286668438,0.7291666666666666,0.015311015334077907,0.7555555555555555
0.56,0.26,0.13,0.04,0.015965673993433474,0.7311827956989247,0.01635461257814901,0.7083333333333334,0.015550806169736904,0.7555555555555555
0.56,0.26,0.13,0.08,0.016453863940159116,0.7419354838709677,0.017093133567080022,0.7291666666666666,0.015771976338110148,0.7555555555555555
0.56,0.26,0.13,0.12,0.017030639453828742,0.7096774193548387,0.017917399165615137,0.7083333333333334,0.016084762427923248,0.7111111111111111
0.56,0.26,0.16,0.0,0.01516581110040212,0.7311827956989247,0.015107861471673924,0.7083333333333334,0.015227624037712198,0.7555555555555555
0.56,0.26,0.16,0.04,0.015726448106125203,0.7311827956989247,0.01596980275179887,0.7083333333333334,0.015466869817406621,0.7555555555555555
0.56,0.26,0.16,0.08,0.01620941132741554,0.7419354838709677,0.01676423763330238,0.7291666666666666,0.015617596601136235,0.7555555555555555
0.56,0.26,0.16,0.12,0.016739576862924148,0.7096774193548387,0.017542027397421067,0.6875,0.015883629626127434,0.7333333333333333
0.56,0.26,0.19,0.0,0.014931818630344073,0.7419354838709677,0.014796547066955492,0.7083333333333334,0.015076108297958562,0.7777777777777778
0.56,0.26,0.19,0.04,0.01547253941663307,0.7419354838709677,0.015618165056878942,0.7291666666666666,0.015317205400370808,0.7555555555555555
0.56,0.26,0.19,0.08,0.01597140723147552,0.7419354838709677,0.016305612316635625,0.7291666666666666,0.015614921807304743,0.7555555555555555
0.56,0.26,0.19,0.12,0.01643004926781482,0.7096774193548387,0.017043088356565487,0.6875,0.01577614090648078,0.7333333333333333
0.56,0.3,0.1,0.0,0.0159715732753639,0.7311827956989247,0.016187327707951404,0.7291666666666666,0.015741435213937227,0.7333333333333333
0.56,0.3,0.1,0.04,0.0165161390919868,0.7419354838709677,0.016980287717295314,0.75,0.016021047224991054,0.7333333333333333
0.56,0.3,0.1,0.08,0.01699573647376263,0.7311827956989247,0.017813964355168868,0.7291666666666666,0.016122960066929308,0.7333333333333333
0.56,0.3,0.1,0.12,0.017592750486705104,0.6989247311827957,0.018650141558890134,0.7083333333333334,0.016464866676374413,0.6888888888888889
0.56,0.3,0.13,0.0,0.015797886277034177,0.7526881720430108,0.016002841975073685,0.75,0.015579266865792035,0.7555555555555555
0.56,0.3,0.13,0.04,0.01636418726833263,0.7419354838709677,0.016871506197514836,0.75,0.015823047077204947,0.7333333333333333
0.56,0.3,0.13,0.08,0.016822625288382024,0.7204301075268817,0.017603440920573216,0.7083333333333334,0.015989755280711417,0.7333333333333333
0.56,0.3,0.13,0.12,0.017330343593560785,0.6989247311827957,0.01839574845754451,0.6875,0.01619391173864482,0.7111111111111111
0.56,0.3,0.16,0.0,0.015568927751311376,0.7526881720430108,0.015622048037678124,0.75,0.015512266112520183,0.7555555555555555
0.56,0.3,0.16,0.04,0.01609116105769379,0.7419354838709677,0.016447271060693023,0.7291666666666666,0.015711310387827946,0.7555555555555555
0.56,0.3,0.16,0.08,0.016644211864583217,0.7311827956989247,0.01728956752031369,0.7083333333333334,0.015955832498470716,0.7555555555555555
0.56,0.3,0.16,0.12,0.017024824385655633,0.6989247311827957,0.018003490190022894,0.6875,0.01598091419433055,0.7111111111111111
0.56,0.3,0.19,0.0,0.015356121620052244,0.7526881720430108,0.015326545469525728,0.75,0.015387669513947193,0.7555555555555555
0.56,0.3,0.19,0.04,0.01590738894336462,0.7419354838709677,0.016123454011308488,0.7291666666666666,0.015676919537557822,0.7555555555555555
0.56,0.3,0.19,0.08,0.01636453501681925,0.7311827956989247,0.016854955562386035,0.7083333333333334,0.015841419768214675,0.7555555555555555
0.56,0.3,0.19,0.12,0.016719373227468037,0.6989247311827957,0.017538894815909443,0.6875,0.015845216866463865,0.7111111111111111
0.56,0.34,0.1,0.0,0.016247088922810207,0.7204301075268817,0.016680460182555264,0.7083333333333334,0.015784826245748815,0.7333333333333333
0.56,0.34,0.1,0.04,0.016716427189573366,0.7311827956989247,0.017340603695579507,0.7291666666666666,0.01605063891650015,0.7333333333333333
0.56,0.34,0.1,0.08,0.01731132827125443,0.7204301075268817,0.018164563587546905,0.7291666666666666,0.01640121060054245,0.7111111111111111
0.56,0.34,0.1,0.12,0.017828297235307076,0.6989247311827957,0.018944977308717314,0.7083333333333334,0.01663717182366949,0.6888888888888889
0.56,0.34,0.13,0.0,0.016056902618338278,0.7311827956989247,0.01648765118978391,0.7291666666666666,0.01559743747546294,0.7333333333333333
0.56,0.34,0.13,0.04,0.01661938519182618,0.7311827956989247,0.017269643162095293,0.7291666666666666,0.01592577669020579,0.7333333333333333
0.56,0.34,0.13,0.08,0.0171112873106158,0.7311827956989247,0.018014872535423183,0.7291666666666666,0.01614746307082126,0.7333333333333333
0.56,0.34,0.13,0.12,0.017650852769231676,0.7096774193548387,0.01886516769883522,0.7083333333333334,0.016355583510987894,0.7111111111111111
0.56,0.34,0.16,0.0,0.015909224552654443,0.7419354838709677,0.01613750746541512,0.7291666666666666,0.015665722779043056,0.7555555555555555
0.56,0.34,0.16,0.04,0.016416550327108426,0.7311827956989247,0.016981255741377595,0.7291666666666666,0.015814197885221305,0.7333333333333333
0.56,0.34,0.16,0.08,0.016891379376030392,0.7311827956989247,0.01776490117765794,0.7291666666666666,0.015959622787627678,0.7333333333333333
0.56,0.34,0.16,0.12,0.017330107449309594,0.6989247311827957,0.018440066050032324,0.6875,0.016146151608538686,0.7111111111111111
0.56,0.34,0.19,0.0,0.01572401664950149,0.7419354838709677,0.015824533968315204,0.7291666666666666,0.01561679817610019,0.7555555555555555
0.56,0.34,0.19,0.04,0.016132271610483542,0.7311827956989247,0.01657219033146382,0.7291666666666666,0.015663024974771247,0.7333333333333333
0.56,0.34,0.19,0.08,0.016610155501591,0.7204301075268817,0.017327299878051778,0.7083333333333334,0.01584520150003284,0.7333333333333333
0.56,0.34,0.19,0.12,0.0170393659635938,0.6989247311827957,0.01799926175492998,0.6875,0.016015477119501877,0.7111111111111111
0.6,0.22,0.1,0.0,0.015377304949512803,0.7204301075268817,0.015515612123075083,0.7083333333333334,0.015229777297713043,0.7333333333333333
0.6,0.22,0.1,0.04,0.015998099987131493,0.7204301075268817,0.016457159934862284,0.7083333333333334,0.015508436042885316,0.7333333333333333
0.6,0.22,0.1,0.08,0.01636941541889421,0.6989247311827957,0.01693796147556047,0.7083333333333334,0.015762966291783528,0.6888888888888889
0.6,0.22,0.1,0.12,0.016947013314989965,0.6989247311827957,0.017858324120319215,0.7083333333333334,0.015974948455972096,0.6888888888888889
0.6,0.22,0.13,0.0,0.015146207947262314,0.7204301075268817,0.015205675311657216,0.7083333333333334,0.015082776091907755,0.7333333333333333
0.6,0.22,0.13,0.04,0.015555452723435495,0.7311827956989247,0.01574005369233403,0.7083333333333334,0.015358545023277055,0.7555555555555555
0.6,0.22,0.13,0.08,0.01612014664215026,0.7311827956989247,0.016608486525426635,0.7083333333333334,0.015599250766655458,0.7555555555555555
0.6,0.22,0.13,0.12,0.01657594967380247,0.7204301075268817,0.01731702199854357,0.7083333333333334,0.015785472527411967,0.7333333333333333
0.6,0.22,0.16,0.0,0.014917719012420286,0.7311827956989247,0.01488259596941903,0.7083333333333334,0.014955183591621625,0.7555555555555555
0.6,0.22,0.16,0.04,0.015256734822105121,0.7311827956989247,0.01533840692184584,0.7083333333333334,0.015169617915715023,0.7555555555555555
0.6,0.22,0.16,0.08,0.01579453601232578,0.7311827956989247,0.01615317194802078,0.7083333333333334,0.015411991014251116,0.7555555555555555
0.6,0.22,0.16,0.12,0.016265376278968544,0.7204301075268817,0.016880778668510527,0.7083333333333334,0.015608947063457093,0.7333333333333333
0.6,0.22,0.19,0.0,0.014479303299834082,0.7419354838709677,0.014212339361338595,0.7083333333333334,0.01476406483422926,0.7777777777777778
0.6,0.22,0.19,0.04,0.01499418788197897,0.7419354838709677,0.014979580859035535,0.7083333333333334,0.01500976870645197,0.7777777777777778
0.6,0.22,0.19,0.08,0.01549306187719874,0.7311827956989247,0.015732822012949597,0.7083333333333334,0.015237317732397823,0.7555555555555555
0.6,0.22,0.19,0.12,0.01600346966851028,0.7204301075268817,0.016436685009408408,0.7083333333333334,0.01554137330488561,0.7333333333333333
0.6,0.26,0.1,0.0,0.015453201014828244,0.7311827956989247,0.015515465913361406,0.7291666666666666,0.015386785123059531,0.7333333333333333
0.6,0.26,0.1,0.04,0.01604853234331323,0.7204301075268817,0.01642144008323218,0.7083333333333334,0.015650764087399682,0.7333333333333333
0.6,0.26,0.1,0.08,0.016619192285784457,0.6989247311827957,0.017287958056988913,0.7083333333333334,0.015905842129833044,0.6888888888888889
0.6,0.26,0.1,0.12,0.01711727954088657,0.6881720430107527,0.01802842078531004,0.7083333333333334,0.016145395546834872,0.6666666666666666
0.6,0.26,0.13,0.0,0.015321743967622772,0.7311827956989247,0.015367585490146636,0.7083333333333334,0.01527284634359732,0.7555555555555555
0.6,0.26,0.13,0.04,0.015842606045927052,0.7311827956989247,0.016150370880566978,0.7083333333333334,0.015514323555644464,0.7555555555555555
0.6,0.26,0.13,0.08,0.016375414372425807,0.7311827956989247,0.0169811931707675,0.7083333333333334,0.01572925032086133,0.7555555555555555
0.6,0.26,0.13,0.12,0.01684399560203424,0.7096774193548387,0.017711603454318686,0.7083333333333334,0.015918547226264165,0.7111111111111111
0.6,0.26,0.16,0.0,0.015107573261705748,0.7311827956989247,0.015031475360430355,0.7083333333333334,0.015188744356399497,0.7555555555555555
0.6,0.26,0.16,0.04,0.015628668782796423,0.7311827956989247,0.01586691223450209,0.7083333333333334,0.01537454243431038,0.7555555555555555
0.6,0.26,0.16,0.08,0.016110732519924616,0.7311827956989247,0.016600789250625064,0.7083333333333334,0.015588005340510806,0.7555555555555555
0.6,0.26,0.16,0.12,0.01664005706637132,0.7311827956989247,0.017369275973995478,0.7291666666666666,0.015862223564905555,0.7333333333333333
0.6,0.26,0.19,0.0,0.014878133746485327,0.7419354838709677,0.014728550185351984,0.7083333333333334,0.015037689545027558,0.7777777777777778
0.6,0.26,0.19,0.04,0.015404741480682365,0.7311827956989247,0.015531198734553294,0.7083333333333334,0.015269853743220043,0.7555555555555555
0.6,0.26,0.19,0.08,0.015870558672339295,0.7419354838709677,0.016232459853342457,0.7291666666666666,0.015484530745935922,0.7555555555555555
0.6,0.26,0.19,0.12,0.016338216544291056,0.7311827956989247,0.016883676931704814,0.7291666666666666,0.015756392131049714,0.7333333333333333
0.6,0.3,0.1,0.0,0.015741942857735634,0.7311827956989247,0.015924434193430984,0.7291666666666666,0.015547285432993937,0.7333333333333333
0.6,0.3,0.1,0.04,0.01631119693259116,0.7311827956989247,0.016766553429990748,0.7291666666666666,0.015825483335364935,0.7333333333333333
0.6,0.3,0.1,0.08,0.016843688951304895,0.7204301075268817,0.017551214555180387,0.7291666666666666,0.0160889949738377,0.7111111111111111
0.6,0.3,0.1,0.12,0.01729864683393333,0.6989247311827957,0.01835562112789154,0.7083333333333334,0.016171207587044576,0.6888888888888889
0.6,0.3,0.13,0.0,0.015674900149857538,0.7419354838709677,0.015806274305127,0.7291666666666666,0.015534767717570114,0.7555555555555555
0.6,0.3,0.13,0.04,0.016213268123886355,0.7419354838709677,0.016634946867240433,0.7291666666666666,0.01576347746430868,0.7555555555555555
0.6,0.3,0.13,0.08,0.016623113972747336,0.7311827956989247,0.017322086262393146,0.7291666666666666,0.01587754353045847,0.7333333333333333
0.6,0.3,0.13,0.12,0.017093022117237143,0.7096774193548387,0.018088528216514053,0.7083333333333334,0.016031148944675104,0.7111111111111111
0.6,0.3,0.16,0.0,0.015497289783070162,0.7419354838709677,0.015511797026268814,0.7291666666666666,0.01548181539032493,0.7555555555555555
0.6,0.3,0.16,0.04,0.015974739764114593,0.7419354838709677,0.016301118256115733,0.7291666666666666,0.015626602705980035,0.7555555555555555
0.6,0.3,0.16,0.08,0.016406788712587755,0.7419354838709677,0.016967009881085755,0.7291666666666666,0.015809219466189888,0.7555555555555555
0.6,0.3,0.16,0.12,0.016926527711033094,0.7096774193548387,0.017796891805364017,0.7083333333333334,0.015998139343746772,0.7111111111111111
0.6,0.3,0.19,0.0,0.015292900302683314,0.7419354838709677,0.01523128382700995,0.7291666666666666,0.015358624543401568,0.7555555555555555
0.6,0.3,0.19,0.04,0.015731747691088392,0.7419354838709677,0.015994260700130172,0.7291666666666666,0.015451733814777156,0.7555555555555555
0.6,0.3,0.19,0.08,0.016227452011037286,0.7419354838709677,0.01669837708936359,0.7291666666666666,0.015725131927489224,0.7555555555555555
0.6,0.3,0.19,0.12,0.016639192025967094,0.7096774193548387,0.017355254681686902,0.6875,0.015875391859865966,0.7333333333333333
0.6,0.34,0.1,0.0,0.01617431051815968,0.7311827956989247,0.01645198658970304,0.7291666666666666,0.015878122708513423,0.7333333333333333
0.6,0.34,0.1,0.04,0.0165484349493869,0.7311827956989247,0.017078561384950206,0.7291666666666666,0.01598296675145271,0.7333333333333333
0.6,0.34,0.1,0.08,0.017078282316096448,0.7204301075268817,0.01787100927248992,0.7291666666666666,0.016232706895943413,0.7111111111111111
0.6,0.34,0.1,0.12,0.017643103114939496,0.7096774193548387,0.01865042760471759,0.7291666666666666,0.016568623659176197,0.6888888888888889
0.6,0.34,0.13,0.0,0.015972520272416045,0.7419354838709677,0.0162288164599647,0.75,0.01569913767236415,0.7333333333333333
0.6,0.34,0.13,0.04,0.016396106358717653,0.7311827956989247,0.016980457107309697,0.7291666666666666,0.015772798893552806,0.7333333333333333
0.6,0.34,0.13,0.08,0.016922924895168605,0.7311827956989247,0.01770360472812441,0.7291666666666666,0.016090199740015746,0.7333333333333333
0.6,0.34,0.13,0.12,0.01740690794731295,0.7096774193548387,0.018449296164814576,0.7083333333333334,0.016295027181977884,0.7111111111111111
0.6,0.34,0.16,0.0,0.01580589723031382,0.7526881720430108,0.01598070529404323,0.75,0.015619435295669126,0.7555555555555555
0.6,0.34,0.16,0.04,0.016258238093689096,0.7419354838709677,0.016712750345502535,0.7291666666666666,0.015773425025088092,0.7555555555555555
0.6,0.34,0.16,0.08,0.01671549904496837,0.7204301075268817,0.017473313952022233,0.7083333333333334,0.015907163144110913,0.7333333333333333
0.6,0.34,0.16,0.12,0.017181966006808495,0.6989247311827957,0.018205517227286843,0.6875,0.016090178038298257,0.7111111111111111
0.6,0.34,0.19,0.0,0.01561106025422761,0.7526881720430108,0.01571083038758597,0.75,0.015504638778645358,0.7555555555555555
0.6,0.34,0.19,0.04,0.016101845567015535,0.7419354838709677,0.016411194158181704,0.7291666666666666,0.015771873736438277,0.7555555555555555
0.6,0.34,0.19,0.08,0.016491209392044123,0.7204301075268817,0.017144936146364326,0.7083333333333334,0.015793900854102573,0.7333333333333333
0.6,0.34,0.19,0.12,0.016906922700626353,0.6989247311827957,0.01779180642581179,0.6875,0.01596304672709522,0.7111111111111111
